{"_runtime":242,"epoch":20,"_timestamp":1.7779034451794174e+09,"_step":120,"val_loss":2.6827821224350017,"train_loss":1.982752919837717,"test_bleu":36.12583643016919,"_wandb":{"runtime":242},"lr":0.0009301460369508495,"train_loss_step":2.0081918239593506}