{"lr":0.0005873012321686745,"train_loss_step":1.430686116218567,"train_loss":1.4104034955388696,"_wandb":{"runtime":529},"_runtime":529,"_timestamp":1.7779024944789891e+09,"val_loss":3.032622853259961,"test_bleu":36.5248443608392,"_step":300,"epoch":50}