{"epoch":20,"train_loss":1.9687303522333564,"lr":0.000927479387185171,"_wandb":{"runtime":256},"train_loss_step":2.0267324447631836,"test_bleu":36.837686696748456,"_runtime":256,"_timestamp":1.7779050227629688e+09,"_step":120,"val_loss":2.6647492487509825}