{"test_bleu":37.35649664381334,"train_loss":1.9680887539428875,"val_loss":2.6796846750040135,"lr":0.0009301460369508495,"val_bleu":37.61039286112474,"_wandb":{"runtime":823},"train_loss_step":2.126189708709717,"_timestamp":1.7779111242730598e+09,"epoch":20,"_runtime":823,"_step":120}