{"_wandb":{"runtime":819},"_step":240,"lr":0.0006558630729380819,"epoch":40,"val_loss":2.605554626209254,"_runtime":819,"test_bleu":40.471843332389874,"_timestamp":1.7780883113309195e+09,"train_loss_step":2.0516631603240967,"train_loss":2.0331594228727026}