{"_step":1020,"test_bleu":36.8591787210052,"_wandb":{"runtime":244},"val_loss":2.693782849737812,"_runtime":244,"train_loss":1.9742351298297953,"grad_norm_Q":0.04354631838699182,"step":999,"grad_norm_K":0.04051506602101856,"_timestamp":1.7779061940368068e+09,"epoch":20}