{"val_loss":2.6775501136469377,"test_bleu":36.85469722523171,"train_loss":1.9703927875980989,"_step":20,"final_train_conf":0.631748849074746,"final_val_ppl":14.549405208585908,"val_confidence":0.5942817851901054,"train_confidence":0.631748849074746,"train_perplexity":7.17349359436715,"_runtime":246,"_timestamp":1.7779144978269644e+09,"final_val_conf":0.5942817851901054,"val_perplexity":14.549405208585908,"epoch":20,"final_train_ppl":7.17349359436715,"_wandb":{"runtime":246}}