{"test_bleu":35.30570124996989,"_wandb":{"runtime":355},"train_loss_step":1.9118818044662476,"train_loss":1.8918464092906613,"_timestamp":1.7779123374644144e+09,"epoch":20,"val_loss":2.7968834471834665,"_runtime":355,"lr":0.0009301460369508495,"val_bleu":35.02618792896637,"_step":120}