{"_step":120,"train_loss_step":2.596018075942993,"epoch":20,"train_loss":2.624152973438248,"lr":0.0001,"_runtime":248,"_timestamp":1.7779055279613822e+09,"test_bleu":34.00325312079419,"_wandb":{"runtime":248},"val_loss":2.7667100985624784}