{"_wandb":{"runtime":241},"val_loss":2.6875204813942686,"_step":119,"lr":0.0009301460369508495,"train_loss":1.9829924429574988,"train_loss_step":2.0045993328094482,"_timestamp":1.7779017548891556e+09,"epoch":20,"_runtime":241}