{"val_bleu":37.10095856062232,"train_loss":1.9746767090484978,"test_bleu":36.080370084649324,"_timestamp":1.7779119673002737e+09,"train_loss_step":2.0941994190216064,"_step":120,"_runtime":353,"val_loss":2.674393489057007,"_wandb":{"runtime":353},"lr":0.0009301460369508495,"epoch":20}