{"final_val_ppl":5.769572257976783,"final_val_conf":0.6364519447088242,"val_confidence":0.6364519447088242,"train_loss":0.7355939744702736,"final_train_ppl":2.0867210835245773,"final_train_conf":0.7144063656025521,"train_perplexity":2.0867210835245773,"train_confidence":0.7144063656025521,"_timestamp":1.7779147427800632e+09,"_step":20,"_wandb":{"runtime":237},"val_perplexity":5.769572257976783,"val_loss":1.7525979457056753,"test_bleu":35.942476836590146,"_runtime":237,"epoch":20}