{"_runtime":73,"val_loss":3.870448083940305,"_timestamp":1.7779072945610054e+09,"epoch":4,"lr":0.00027422876584272664,"train_loss_step":3.831042528152466,"train_loss":4.235039646965967,"_wandb":{"runtime":73},"_step":28}