{"_wandb":{"runtime":179},"val_loss":2.632577047982044,"train_loss_step":2.079686403274536,"_runtime":179,"lr":0.0009101430390672117,"epoch":16,"train_loss":2.184600249163936,"_timestamp":1.777902957386168e+09,"_step":97}