{"step":999,"_step":1020,"train_loss":2.5728195512494914,"grad_norm_Q":0.09044067768587007,"test_bleu":33.149073480655574,"_runtime":247,"epoch":20,"val_loss":2.7518778941968143,"_wandb":{"runtime":247},"grad_norm_K":0.07536635630660588,"_timestamp":1.7779064483420048e+09}